Altium Designer Pick and Place Locations,,,,,,,
C:\Users\Public\Documents\Altium\NFC_Necklace\Project Outputs for NFC_Necklace\Pick Place for NFC_Necklace.csv,,,,,,,
,,,,,,,
========================================================================================================================,,,,,,,
File Design Information:,,,,,,,
,,,,,,,
Date:       24/08/24,,,,,,,
Time:       09:39,,,,,,,
Revision:   Not in VersionControl,,,,,,,
Variant:    No variations,,,,,,,
Units used: mil,,,,,,,
,,,,,,,
Designator,Comment,Layer,Footprint,Center-X(mil),Center-Y(mil),Rotation,Description
U1,NT3H2111W0FHKH,TopLayer,FP-SOT902-3-MFG,498.976,1232.5,180,IC RFID TRANSP 13.56MHZ 8XQFN
R1,CRCW060368R0FKEA,TopLayer,RESC1609X50X30LL10T20,403.976,1257.5,270,
D1,LO L29K-J2L1-24-Z,TopLayer,FP-LO_L29K-MFG,545,1425,180,LED ORANGE DIFFUSED 0603 SMD
C1,GRM155R71C224KA12D,TopLayer,FP-GRM155-0_05-IPC_C,498.976,1312.5,0,"Chip Multilayer Ceramic Capacitors for General Purpose, 0402, 0.22uF, X7R, 15%, 10%, 16V"
